{"spa1":{"1.0e-7":{"ConjugateGradient":{"std_memory":0.0,"errors":8.983747889235417e-8,"iterations":147.0,"std_time":0.05022715628860033,"std_errors":1.3950798784004455e-23,"memory":6.006752,"times":0.11909997463226318,"std_iterations":0.0},"Gradient":{"std_memory":2.995911226518785e-14,"errors":1.0793580987329014e-7,"iterations":5896.0,"std_time":0.12180294291460347,"std_errors":0.0,"memory":143.80081599999997,"times":1.4327999353408813,"std_iterations":0.0},"JacobiMethod":{"std_memory":0.0,"errors":9.040612378983237e-8,"iterations":215.0,"std_time":0.006268107369532039,"std_errors":0.0,"memory":10.661536,"times":0.029200053215026854,"std_iterations":0.0},"GaussSeidelMethod":{"std_memory":0.0,"errors":4.697462397722017e-8,"iterations":21.0,"std_time":0.008071909416433369,"std_errors":6.975399392002227e-24,"memory":63.624016,"times":0.3123999834060669,"std_iterations":0.0}},"1.0e-5":{"ConjugateGradient":{"std_memory":9.362222582871203e-16,"errors":9.348492940676605e-6,"iterations":99.0,"std_time":0.024590199153953742,"std_errors":0.0,"memory":4.056032000000001,"times":0.05369997024536133,"std_iterations":0.0},"Gradient":{"std_memory":7.489778066296963e-15,"errors":1.0781389229957381e-5,"iterations":1332.0,"std_time":0.029829928428743564,"std_errors":1.7857022443525702e-21,"memory":32.512240000000006,"times":0.3175999879837036,"std_iterations":0.0},"JacobiMethod":{"std_memory":0.0,"errors":8.9066150234138e-6,"iterations":149.0,"std_time":0.12948123629436442,"std_errors":0.0,"memory":7.442848,"times":0.058500027656555174,"std_iterations":0.0},"GaussSeidelMethod":{"std_memory":0.0,"errors":3.5654235192007206e-6,"iterations":14.0,"std_time":0.0729355631683961,"std_errors":4.4642556108814255e-22,"memory":43.16352,"times":0.23859999179840088,"std_iterations":0.0}},"1.0e-11":{"ConjugateGradient":{"std_memory":1.8724445165742407e-15,"errors":8.772966257116741e-12,"iterations":211.0,"std_time":0.0036757364877432253,"std_errors":0.0,"memory":8.607711999999998,"times":0.09119999408721924,"std_iterations":0.0},"Gradient":{"std_memory":5.99182245303757e-14,"errors":1.0788469679991273e-11,"iterations":15264.0,"std_time":0.04840860619049523,"std_errors":1.7029783671880438e-27,"memory":372.23012800000004,"times":3.4395000457763674,"std_iterations":0.0},"JacobiMethod":{"std_memory":3.744889033148481e-15,"errors":9.314757995178044e-12,"iterations":347.0,"std_time":0.004094714797164924,"std_errors":1.7029783671880438e-27,"memory":17.098911999999995,"times":0.04089996814727783,"std_iterations":0.0},"GaussSeidelMethod":{"std_memory":1.4979556132593925e-14,"errors":4.374691778861194e-12,"iterations":36.0,"std_time":0.03371717151273175,"std_errors":0.0,"memory":107.46793599999998,"times":0.5588000297546387,"std_iterations":0.0}},"1.0e-9":{"ConjugateGradient":{"std_memory":9.362222582871203e-16,"errors":9.527095035543456e-10,"iterations":188.0,"std_time":0.00779528291975807,"std_errors":0.0,"memory":7.672991999999999,"times":0.08609998226165771,"std_iterations":0.0},"Gradient":{"std_memory":5.99182245303757e-14,"errors":1.0799971908536827e-9,"iterations":10576.0,"std_time":0.053147536269185204,"std_errors":2.179812310000696e-25,"memory":257.91793599999994,"times":2.380999970436096,"std_iterations":0.0},"JacobiMethod":{"std_memory":1.8724445165742407e-15,"errors":9.176626628811788e-10,"iterations":281.0,"std_time":0.0055216455946163435,"std_errors":0.0,"memory":13.880224000000002,"times":0.03939998149871826,"std_iterations":0.0},"GaussSeidelMethod":{"std_memory":1.4979556132593925e-14,"errors":3.327175611781577e-10,"iterations":29.0,"std_time":0.057653774921142244,"std_errors":5.44953077500174e-26,"memory":87.00743999999999,"times":0.4488000154495239,"std_iterations":0.0}}},"vem1":{"1.0e-7":{"ConjugateGradient":{"std_memory":0.0,"errors":6.88898619950971e-8,"iterations":49.0,"std_time":0.0005164219199566291,"std_errors":0.0,"memory":3.394528,"times":0.0023999929428100584,"std_iterations":0.0},"Gradient":{"std_memory":1.4979556132593925e-14,"errors":1.1839555019590102e-7,"iterations":1975.0,"std_time":0.005404732293962795,"std_errors":1.3950798784004455e-23,"memory":80.82436800000002,"times":0.06110002994537354,"std_iterations":0.0},"JacobiMethod":{"std_memory":0.0,"errors":9.931237129987423e-8,"iterations":2994.0,"std_time":0.005250447657700253,"std_errors":0.0,"memory":245.157936,"times":0.09330003261566162,"std_iterations":0.0},"GaussSeidelMethod":{"std_memory":0.0,"errors":9.893776099493793e-8,"iterations":1499.0,"std_time":0.04646397162975833,"std_errors":1.3950798784004455e-23,"memory":767.545776,"times":8.026700067520142,"std_iterations":0.0}},"1.0e-5":{"ConjugateGradient":{"std_memory":4.681111291435602e-16,"errors":6.072081687973984e-6,"iterations":42.0,"std_time":0.00042165673945014734,"std_errors":0.0,"memory":2.9174080000000004,"times":0.0021999835968017577,"std_iterations":0.0},"Gradient":{"std_memory":0.0,"errors":1.1779589684817782e-5,"iterations":1253.0,"std_time":0.0009188930447126358,"std_errors":1.7857022443525702e-21,"memory":51.297456,"times":0.03279998302459717,"std_iterations":0.0},"JacobiMethod":{"std_memory":2.995911226518785e-14,"errors":9.932099544118944e-6,"iterations":1875.0,"std_time":0.0053333242742785,"std_errors":1.7857022443525702e-21,"memory":153.63268799999997,"times":0.06200003623962402,"std_iterations":0.0},"GaussSeidelMethod":{"std_memory":1.198364490607514e-13,"errors":9.838475857267584e-6,"iterations":940.0,"std_time":0.021290624471022482,"std_errors":1.7857022443525702e-21,"memory":481.4093119999999,"times":5.0491999864578245,"std_iterations":0.0}},"1.0e-11":{"ConjugateGradient":{"std_memory":0.0,"errors":3.777860535422545e-12,"iterations":62.0,"std_time":0.0003162132321182884,"std_errors":8.514891835940219e-28,"memory":4.280608,"times":0.003099989891052246,"std_iterations":0.0},"Gradient":{"std_memory":2.995911226518785e-14,"errors":1.1843991988696269e-11,"iterations":3421.0,"std_time":0.0038715102595851675,"std_errors":1.7029783671880438e-27,"memory":139.95998400000002,"times":0.09710001945495605,"std_iterations":0.0},"JacobiMethod":{"std_memory":0.0,"errors":9.929488729970371e-12,"iterations":5232.0,"std_time":0.007777466791360321,"std_errors":1.7029783671880438e-27,"memory":428.208432,"times":0.14139997959136963,"std_iterations":0.0},"GaussSeidelMethod":{"std_memory":2.396728981215028e-13,"errors":9.842007999188188e-12,"iterations":2619.0,"std_time":0.320236352284201,"std_errors":1.7029783671880438e-27,"memory":1340.8424159999997,"times":14.11930000782013,"std_iterations":0.0}},"1.0e-9":{"ConjugateGradient":{"std_memory":4.681111291435602e-16,"errors":9.643086359241909e-10,"iterations":56.0,"std_time":0.0009189795288537518,"std_errors":2.179812310000696e-25,"memory":3.8716479999999995,"times":0.0032000303268432616,"std_iterations":0.0},"Gradient":{"std_memory":0.0,"errors":1.1915819217221718e-9,"iterations":2697.0,"std_time":0.0027406140554995426,"std_errors":2.179812310000696e-25,"memory":110.35128,"times":0.07680001258850097,"std_iterations":0.0},"JacobiMethod":{"std_memory":0.0,"errors":9.930374552362708e-10,"iterations":4113.0,"std_time":0.0051164077483101455,"std_errors":0.0,"memory":336.683184,"times":0.11520001888275147,"std_iterations":0.0},"GaussSeidelMethod":{"std_memory":2.396728981215028e-13,"errors":9.867854512823922e-10,"iterations":2059.0,"std_time":0.10939763831032547,"std_errors":2.179812310000696e-25,"memory":1054.1940959999997,"times":11.05849997997284,"std_iterations":0.0}}},"spa2":{"1.0e-7":{"ConjugateGradient":{"std_memory":0.0,"errors":9.967613278303455e-8,"iterations":168.0,"std_time":0.011274818070991205,"std_errors":1.3950798784004455e-23,"memory":20.296672,"times":0.760699987411499,"std_iterations":0.0},"Gradient":{"std_memory":2.995911226518785e-14,"errors":1.0801552001303352e-7,"iterations":3508.0,"std_time":71.05508454426867,"std_errors":1.3950798784004455e-23,"memory":253.17758399999997,"times":30.977099990844728,"std_iterations":0.0},"JacobiMethod":{"std_memory":1.8724445165742407e-15,