{
    "spa1": {
        "1.0e-7": {
            "ConjugateGradient": {
                "std_memory": 0.0,
                "errors": 8.983747889055959e-8,
                "iterations": 147.0,
                "std_time": 0.006219118283616765,
                "std_errors": 1.3950798784004455e-23,
                "memory": 6.006752,
                "times": 0.05629994869232178,
                "std_iterations": 0.0
            },
            "Gradient": {
                "std_memory": 2.995911226518785e-14,
                "errors": 1.0793580992653148e-7,
                "iterations": 5896.0,
                "std_time": 0.013475831967737785,
                "std_errors": 0.0,
                "memory": 143.80081599999997,
                "times": 1.1214000225067138,
                "std_iterations": 0.0
            },
            "JacobiMethod": {
                "std_memory": 0.0,
                "errors": 9.040612378983237e-8,
                "iterations": 215.0,
                "std_time": 0.007947070993416627,
                "std_errors": 0.0,
                "memory": 10.661536,
                "times": 0.018399977684020997,
                "std_iterations": 0.0
            }
        },
        "1.0e-5": {
            "ConjugateGradient": {
                "std_memory": 9.362222582871203e-16,
                "errors": 9.348492940697054e-6,
                "iterations": 99.0,
                "std_time": 0.025319265522138087,
                "std_errors": 1.7857022443525702e-21,
                "memory": 4.056032000000001,
                "times": 0.048799967765808104,
                "std_iterations": 0.0
            },
            "Gradient": {
                "std_memory": 7.489778066296963e-15,
                "errors": 1.0781389229965405e-5,
                "iterations": 1332.0,
                "std_time": 0.029928795622655293,
                "std_errors": 1.7857022443525702e-21,
                "memory": 32.512240000000006,
                "times": 0.26519999504089353,
                "std_iterations": 0.0
            },
            "JacobiMethod": {
                "std_memory": 0.0,
                "errors": 8.9066150234138e-6,
                "iterations": 149.0,
                "std_time": 0.14299871165448816,
                "std_errors": 0.0,
                "memory": 7.442848,
                "times": 0.0628000020980835,
                "std_iterations": 0.0
            }
        },
        "1.0e-11": {
            "ConjugateGradient": {
                "std_memory": 1.8724445165742407e-15,
                "errors": 8.770757445983323e-12,
                "iterations": 211.0,
                "std_time": 0.008560903769844655,
                "std_errors": 0.0,
                "memory": 8.607711999999998,
                "times": 0.07919998168945312,
                "std_iterations": 0.0
            },
            "Gradient": {
                "std_memory": 5.99182245303757e-14,
                "errors": 1.0788378790129732e-11,
                "iterations": 15264.0,
                "std_time": 0.036821515676903345,
                "std_errors": 1.7029783671880438e-27,
                "memory": 372.23012800000004,
                "times": 2.8325999975204468,
                "std_iterations": 0.0
            },
            "JacobiMethod": {
                "std_memory": 3.744889033148481e-15,
                "errors": 9.314757995178044e-12,
                "iterations": 347.0,
                "std_time": 0.007248765787195169,
                "std_errors": 1.7029783671880438e-27,
                "memory": 17.098911999999995,
                "times": 0.03589997291564941,
                "std_iterations": 0.0
            }
        },
        "1.0e-9": {
            "ConjugateGradient": {
                "std_memory": 9.362222582871203e-16,
                "errors": 9.529220110698147e-10,
                "iterations": 188.0,
                "std_time": 0.0062404930041610835,
                "std_errors": 2.179812310000696e-25,
                "memory": 7.672991999999999,
                "times": 0.07450001239776612,
                "std_iterations": 0.0
            },
            "Gradient": {
                "std_memory": 5.99182245303757e-14,
                "errors": 1.0799972459474709e-9,
                "iterations": 10576.0,
                "std_time": 0.00942811514231341,
                "std_errors": 2.179812310000696e-25,
                "memory": 257.91793599999994,
                "times": 1.9989999294281007,
                "std_iterations": 0.0
            },
            "JacobiMethod": {
                "std_memory": 1.8724445165742407e-15,
                "errors": 9.176626628811788e-10,
                "iterations": 281.0,
                "std_time": 0.005253540396334671,
                "std_errors": 0.0,
                "memory": 13.880224000000002,
                "times": 0.032599997520446775,
                "std_iterations": 0.0
            }
        }
    },
    "vem1": {
        "1.0e-7": {
            "ConjugateGradient": {
                "std_memory": 0.0,
                "errors": 6.888986200445007e-8,
                "iterations": 49.0,
                "std_time": 0.006000880710721122,
                "std_errors": 0.0,
                "memory": 3.394528,
                "times": 0.003299975395202637,
                "std_iterations": 0.0
            },
            "Gradient": {
                "std_memory": 1.4979556132593925e-14,
                "errors": 1.1839555047697917e-7,
                "iterations": 1975.0,
                "std_time": 0.0055065138193729195,
                "std_errors": 0.0,
                "memory": 80.82436800000002,
                "times": 0.04289999008178711,
                "std_iterations": 0.0
            },
            "JacobiMethod": {
                "std_memory": 0.0,
                "errors": 9.931237129987423e-8,
                "iterations": 2994.0,
                "std_time": 0.011728891031760854,
                "std_errors": 0.0,
                "memory": 245.157936,
                "times": 0.07070000171661377,
                "std_iterations": 0.0
            }
        },
        "1.0e-5": {
            "ConjugateGradient": {
                "std_memory": 4.681111291435602e-16,
                "errors": 6.072081687955045e-6,
                "iterations": 42.0,
                "std_time": 0.0011353361474552575,
                "std_errors": 8.928511221762851e-22,
                "memory": 2.9174080000000004,
                "times": 0.0018000364303588866,
                "std_iterations": 0.0
            },
            "Gradient": {
                "std_memory": 0.0,
                "errors": 1.1779589684930633e-5,
                "iterations": 1253.0,
                "std_time": 0.006501329838233934,
                "std_errors": 1.7857022443525702e-21,
                "memory": 51.297456,
                "times": 0.03240001201629639,
                "std_iterations": 0.0
            },
            "JacobiMethod": {
                "std_memory": 2.995911226518785e-14,
                "errors": 9.932099544118944e-6,
                "iterations": 1875.0,
                "std_time": 0.008796437719187982,
                "std_errors": 1.7857022443525702e-21,
                "memory": 153.63268799999997,
                "times": 0.051599955558776854,
                "std_iterations": 0.0
            }
        },
        "1.0e-11": {
            "ConjugateGradient": {
                "std_memory": 0.0,
                "errors": 3.7778672984547745e-12,
                "iterations": 62.0,
                "std_time": 0.005652939367613648,
                "std_errors": 8.514891835940219e-28,
                "memory": 4.280608,
                "times": 0.004199981689453125,
                "std_iterations": 0.0
            },
            "Gradient": {
                "std_memory": 2.995911226518785e-14,
                "errors": 1.1843717759935693e-11,