{"spa1":{"1.0e-7":{"ConjugateGradient":{"std_memory":0.0,"errors":8.983747889055959e-8,"iterations":147.0,"std_time":0.0023475363318059975,"std_errors":1.3950798784004455e-23,"memory":6.006752,"times":0.06420004367828369,"std_iterations":0.0},"Gradient":{"std_memory":2.995911226518785e-14,"errors":1.0793580992653148e-7,"iterations":5896.0,"std_time":0.01552091448979566,"std_errors":0.0,"memory":143.80081599999997,"times":1.307699966430664,"std_iterations":0.0},"JacobiMethod":{"std_memory":0.0,"errors":9.040612378983237e-8,"iterations":215.0,"std_time":0.00611372959299954,"std_errors":0.0,"memory":10.661536,"times":0.029400038719177245,"std_iterations":0.0},"GaussSeidelMethod":{"std_memory":0.0,"errors":4.697462397722017e-8,"iterations":21.0,"std_time":0.023385928279025005,"std_errors":6.975399392002227e-24,"memory":63.624016,"times":0.37430002689361574,"std_iterations":0.0}},"1.0e-5":{"ConjugateGradient":{"std_memory":9.362222582871203e-16,"errors":9.348492940697054e-6,"iterations":99.0,"std_time":0.02963873968991173,"std_errors":1.7857022443525702e-21,"memory":4.056032000000001,"times":0.05430004596710205,"std_iterations":0.0},"Gradient":{"std_memory":7.489778066296963e-15,"errors":1.0781389229965405e-5,"iterations":1332.0,"std_time":0.03151029923099466,"std_errors":1.7857022443525702e-21,"memory":32.512240000000006,"times":0.31069996356964114,"std_iterations":0.0},"JacobiMethod":{"std_memory":0.0,"errors":8.9066150234138e-6,"iterations":149.0,"std_time":0.030173750799993397,"std_errors":0.0,"memory":7.442848,"times":0.02930002212524414,"std_iterations":0.0},"GaussSeidelMethod":{"std_memory":0.0,"errors":3.5654235192007206e-6,"iterations":14.0,"std_time":0.05011104792125864,"std_errors":4.4642556108814255e-22,"memory":43.16352,"times":0.2586999416351318,"std_iterations":0.0}},"1.0e-11":{"ConjugateGradient":{"std_memory":1.8724445165742407e-15,"errors":8.770757445983323e-12,"iterations":211.0,"std_time":0.0061653757592567944,"std_errors":0.0,"memory":8.607711999999998,"times":0.09469997882843018,"std_iterations":0.0},"Gradient":{"std_memory":5.99182245303757e-14,"errors":1.0788378790129732e-11,"iterations":15264.0,"std_time":0.08906307516378147,"std_errors":1.7029783671880438e-27,"memory":372.23012800000004,"times":3.407700037956238,"std_iterations":0.0},"JacobiMethod":{"std_memory":3.744889033148481e-15,"errors":9.314757995178044e-12,"iterations":347.0,"std_time":0.0036148112033452117,"std_errors":1.7029783671880438e-27,"memory":17.098911999999995,"times":0.04320003986358643,"std_iterations":0.0},"GaussSeidelMethod":{"std_memory":1.4979556132593925e-14,"errors":4.374691778861194e-12,"iterations":36.0,"std_time":0.007933051929495926,"std_errors":0.0,"memory":107.46793599999998,"times":0.6324000120162964,"std_iterations":0.0}},"1.0e-9":{"ConjugateGradient":{"std_memory":9.362222582871203e-16,"errors":9.529220110698147e-10,"iterations":188.0,"std_time":0.0024060193795094257,"std_errors":2.179812310000696e-25,"memory":7.672991999999999,"times":0.08570003509521484,"std_iterations":0.0},"Gradient":{"std_memory":5.99182245303757e-14,"errors":1.0799972459474709e-9,"iterations":10576.0,"std_time":0.03030970421706862,"std_errors":2.179812310000696e-25,"memory":257.91793599999994,"times":2.3282999753952027,"std_iterations":0.0},"JacobiMethod":{"std_memory":1.8724445165742407e-15,"errors":9.176626628811788e-10,"iterations":281.0,"std_time":0.0022632372078563896,"std_errors":0.0,"memory":13.880224000000002,"times":0.033300018310546874,"std_iterations":0.0},"GaussSeidelMethod":{"std_memory":1.4979556132593925e-14,"errors":3.327175611781577e-10,"iterations":29.0,"std_time":0.09174748447588325,"std_errors":5.44953077500174e-26,"memory":87.00743999999999,"times":0.5415000438690185,"std_iterations":0.0}}},"vem1":{"1.0e-7":{"ConjugateGradient":{"std_memory":0.0,"errors":6.888986200445007e-8,"iterations":49.0,"std_time":0.0016192986797597196,"std_errors":0.0,"memory":3.394528,"times":0.0007999897003173828,"std_iterations":0.0},"Gradient":{"std_memory":1.4979556132593925e-14,"errors":1.1839555047697917e-7,"iterations":1975.0,"std_time":0.012893093282565708,"std_errors":0.0,"memory":80.82436800000002,"times":0.055299973487854,"std_iterations":0.0},"JacobiMethod":{"std_memory":0.0,"errors":9.931237129987423e-8,"iterations":2994.0,"std_time":0.011146018359892238,"std_errors":0.0,"memory":245.157936,"times":0.07969996929168702,"std_iterations":0.0},"GaussSeidelMethod":{"std_memory":0.0,"errors":9.893776099493793e-8,"iterations":1499.0,"std_time":0.13436936361097537,"std_errors":1.3950798784004455e-23,"memory":767.545776,"times":8.557299995422364,"std_iterations":0.0}},"1.0e-5":{"ConjugateGradient":{"std_memory":4.681111291435602e-16,"errors":6.072081687955045e-6,"iterations":42.0,"std_time":0.003495988273054695,"std_errors":8.928511221762851e-22,"memory":2.9174080000000004,"times":0.0029999732971191405,"std_iterations":0.0},"Gradient":{"std_memory":0.0,"errors":1.1779589684930633e-5,"iterations":1253.0,"std_time":0.006699973163723027,"std_errors":1.7857022443525702e-21,"memory":51.297456,"times":0.036999988555908206,"std_iterations":0.0},"JacobiMethod":{"std_memory":2.995911226518785e-14,"errors":9.932099544118944e-6,"iterations":1875.0,"std_time":0.010646393735697514,"std_errors":1.7857022443525702e-21,"memory":153.63268799999997,"times":0.060300016403198244,"std_iterations":0.0},"GaussSeidelMethod":{"std_memory":1.198364490607514e-13,"errors":9.838475857267584e-6,"iterations":940.0,"std_time":0.09239457480534885,"std_errors":1.7857022443525702e-21,"memory":481.4093119999999,"times":5.334899973869324,"std_iterations":0.0}},"1.0e-11":{"ConjugateGradient":{"std_memory":0.0,"errors":3.7778672984547745e-12,"iterations":62.0,"std_time":0.007659428925962712,"std_errors":8.514891835940219e-28,"memory":4.280608,"times":0.0039999961853027345,"std_iterations":0.0},"Gradient":{"std_memory":2.995911226518785e-14,"errors":1.1843717759935693e-11,"iterations":3421.0,"std_time":0.009837003473876116,"std_errors":3.4059567343760876e-27,"memory":139.95998400000002,"times":0.09209995269775391,"std_iterations":0.0},"JacobiMethod":{"std_memory":0.0,"errors":9.929488729970371e-12,"iterations":5232.0,"std_time":0.014753154078641603,"std_errors":1.7029783671880438e-27,"memory":428.208432,"times":0.13310000896453858,"std_iterations":0.0},"GaussSeidelMethod":{"std_memory":2.396728981215028e-13,"errors":9.842007999188188e-12,"iterations":2619.0,"std_time":0.21882482241448126,"std_errors":1.7029783671880438e-27,"memory":1340.8424159999997,"times":15.01010000705719,"std_iterations":0.0}},"1.0e-9":{"ConjugateGradient":{"std_memory":4.681111291435602e-16,"errors":9.643086356479132e-10,"iterations":56.0,"std_time":0.0032127873875526436,"std_errors":0.0,"memory":3.8716479999999995,"times":0.003899979591369629,"std_iterations":0.0},"Gradient":{"std_memory":0.0,"errors":1.1915813544810735e-9,"iterations":2697.0,"std_time":0.012347269408939229,"std_errors":2.179812310000696e-25,"memory":110.35128,"times":0.06729998588562011,"std_iterations":0.0},"JacobiMethod":{"std_memory":0.0,"errors":9.930374552362708e-10,"iterations":4113.0,"std_time":0.012937477384696907,"std_errors":0.0,"memory":336.683184,"times":0.10959999561309815,"std_iterations":0.0},"GaussSeidelMethod":{"std_memory":2.396728981215028e-13,"errors":9.867854512823922e-10,"iterations":2059.0,"std_time":0.12493138230989634,"std_errors":2.179812310000696e-25,"memory":1054.1940959999997,"times":11.7125,"std_iterations":0.0}}},"spa2":{"1.0e-7":{"ConjugateGradient":{"std_memory":0.0,"errors":9.967613277880257e-8,"iterations":168.0,"std_time":0.051966198101099696,"std_errors":0.0,"memory":20.296672,"times":0.8426000356674195,"std_iterations":0.0},"Gradient":{"std_memory":2.995911226518785e-14,"errors":1.0801552003337377e-7,"iterations":3508.0,"std_time":0.540914542843824,"std_errors":0.0,"memory":253.17758399999997,"times":9.102399969100953,"std_iterations":0.0},"JacobiMethod":{"std_memory":1.8724445165742407e-15,"errors":7.823822006737658e-8,